{
  "project_info": {
    "project_number": "570740988814",
    "project_id": "bookbearer-7e5d1",
    "storage_bucket": "bookbearer-7e5d1.appspot.com"
  },
  "client": [
    {
      "client_info": {
        "mobilesdk_app_id": "1:570740988814:android:ae94864becffadcddea2df",
        "android_client_info": {
          "package_name": "com.example.bookbearer"
        }
      },
      "oauth_client": [
        {
          "client_id": "570740988814-0adum7llis45hvj7kpp76vhttpaob940.apps.googleusercontent.com",
          "client_type": 3
        }
      ],
      "api_key": [
        {
          "current_key": "AIzaSyC117TA1wcNBRfMvrok1Rho8p8zJ2f0k5U"
        }
      ],
      "services": {
        "appinvite_service": {
          "other_platform_oauth_client": [
            {
              "client_id": "570740988814-0adum7llis45hvj7kpp76vhttpaob940.apps.googleusercontent.com",
              "client_type": 3
            }
          ]
        }
      }
    }
  ],
  "configuration_version": "1"
}